variant,split,model,ft_seed,n_windows,rmse,mae,mape,r2
C,val,zero_shot,,2537,17.3126,13.1577,206.5429,-0.3384
-,val,persistence,,2537,13.9447,10.2929,200.2081,0.1317
C,test,zero_shot,,7840,14.202,10.3632,110.5823,-0.1751
-,test,persistence,,7840,13.6358,9.7139,122.8213,-0.0833
C,val,fine_tuned,42,2537,13.1148,9.7237,215.8536,0.232
C,test,fine_tuned,42,7840,12.335,9.0786,128.2637,0.1135
C,val,fine_tuned,123,2537,13.0987,9.6939,209.5131,0.2339
C,test,fine_tuned,123,7840,12.2495,9.0058,124.9527,0.1258
C,val,fine_tuned,7,2537,13.1726,9.7511,210.7691,0.2252
C,test,fine_tuned,7,7840,12.325,9.048,124.7135,0.115
D,val,zero_shot,,2537,15.8693,11.9457,226.1184,-0.1245
D,test,zero_shot,,7840,13.9339,10.099,111.4198,-0.1312
D,val,fine_tuned,42,2537,12.2105,9.2668,276.1751,0.3342
D,test,fine_tuned,42,7840,11.4999,8.5024,130.3598,0.2295
D,val,fine_tuned,123,2537,12.1216,9.2838,285.1936,0.3439
D,test,fine_tuned,123,7840,11.4576,8.5503,136.3995,0.2352
D,val,fine_tuned,7,2537,12.3373,9.3467,269.7037,0.3203
D,test,fine_tuned,7,7840,11.4248,8.4033,127.7319,0.2395
