variant,station,forecast_horizon,rmse,mae,mape,r2,mean_predicted,mean_actual,n_windows
A,Caloocan,T+1,5.283425331115723,3.3729472160339355,27.389508485794067,0.4242539405822754,12.222932815551758,12.727705955505371,4171
A,Caloocan,T+6,6.046761989593506,3.87422776222229,31.226158142089844,0.2455747127532959,11.833527565002441,12.728785514831543,4171
A,Caloocan,T+12,6.295320510864258,4.082823753356934,33.41279625892639,0.18224263191223145,11.89439582824707,12.729434967041016,4171
A,Caloocan,T+24,6.505947113037109,4.286994457244873,35.72811484336853,0.12528252601623535,11.9658842086792,12.741363525390625,4171
A,Makati,T+1,5.307559967041016,3.4322195053100586,28.115317225456238,0.41898196935653687,12.18532657623291,12.727705955505371,4171
A,Makati,T+6,6.128203868865967,3.9775383472442627,31.938275694847107,0.22511571645736694,11.769335746765137,12.728785514831543,4171
A,Makati,T+12,6.365762233734131,4.15421199798584,33.87898802757263,0.16383951902389526,11.875104904174805,12.729434967041016,4171
A,Makati,T+24,6.520777225494385,4.303615570068359,35.55787801742554,0.12129020690917969,11.956315040588379,12.741363525390625,4171
A,Mandaluyong,T+1,5.312410831451416,3.43477201461792,28.173545002937317,0.4179195165634155,12.19729995727539,12.727705955505371,4171
A,Mandaluyong,T+6,6.134498596191406,3.9820926189422607,32.01804757118225,0.22352296113967896,11.783108711242676,12.728785514831543,4171
A,Mandaluyong,T+12,6.370865821838379,4.161412715911865,33.99965763092041,0.16249829530715942,11.89636516571045,12.729434967041016,4171
A,Mandaluyong,T+24,6.528622150421143,4.311992168426514,35.6916218996048,0.11917465925216675,11.981715202331543,12.741363525390625,4171
A,Manila,T+1,5.307559967041016,3.4322195053100586,28.115317225456238,0.41898196935653687,12.18532657623291,12.727705955505371,4171
A,Manila,T+6,6.128203868865967,3.9775383472442627,31.938275694847107,0.22511571645736694,11.769335746765137,12.728785514831543,4171
A,Manila,T+12,6.365762233734131,4.15421199798584,33.87898802757263,0.16383951902389526,11.875104904174805,12.729434967041016,4171
A,Manila,T+24,6.520777225494385,4.303615570068359,35.55787801742554,0.12129020690917969,11.956315040588379,12.741363525390625,4171
A,Navotas,T+1,5.289156913757324,3.3796606063842773,27.447715401649475,0.423004150390625,12.22710132598877,12.727705955505371,4171
A,Navotas,T+6,6.053374767303467,3.8802599906921387,31.287777423858643,0.24392372369766235,11.841777801513672,12.728785514831543,4171
A,Navotas,T+12,6.302114963531494,4.090091228485107,33.50761830806732,0.18047642707824707,11.910438537597656,12.729434967041016,4171
A,Navotas,T+24,6.512540817260742,4.295912265777588,35.8577698469162,0.12350863218307495,11.988248825073242,12.741363525390625,4171
A,Pasay,T+1,5.312304973602295,3.4360909461975098,28.17372977733612,0.4179426431655884,12.199240684509277,12.727705955505371,4171
A,Pasay,T+6,6.12747859954834,3.9755501747131348,31.940200924873352,0.22529906034469604,11.776704788208008,12.728785514831543,4171
A,Pasay,T+12,6.366065502166748,4.152886390686035,33.87894034385681,0.16375982761383057,11.876642227172852,12.729434967041016,4171
A,Pasay,T+24,6.5175886154174805,4.301641941070557,35.52531599998474,0.12214934825897217,11.943955421447754,12.741363525390625,4171
A,Pasig,T+1,5.237186431884766,3.3187966346740723,26.72070562839508,0.434287428855896,12.062410354614258,12.727705955505371,4171
A,Pasig,T+6,6.069788455963135,3.8413844108581543,30.326932668685913,0.23981797695159912,11.622082710266113,12.728785514831543,4171
A,Pasig,T+12,6.286515235900879,4.000694751739502,31.985706090927124,0.184528648853302,11.661185264587402,12.729434967041016,4171
A,Pasig,T+24,6.521268367767334,4.21411657333374,33.9937299489975,0.12115788459777832,11.686713218688965,12.741363525390625,4171
A,Quezon_City,T+1,5.3309125900268555,3.4332313537597656,27.991151809692383,0.41385793685913086,12.174137115478516,12.727705955505371,4171
A,Quezon_City,T+6,6.174980640411377,3.976412773132324,31.92441463470459,0.21324104070663452,11.753131866455078,12.728785514831543,4171
A,Quezon_City,T+12,6.403600215911865,4.1481757164001465,33.84116291999817,0.15386974811553955,11.835144996643066,12.729434967041016,4171
A,Quezon_City,T+24,6.576923847198486,4.299193382263184,35.657891631126404,0.10609298944473267,11.910037994384766,12.741363525390625,4171
A,San_Juan,T+1,5.3142781257629395,3.4360625743865967,28.19575071334839,0.41751015186309814,12.200761795043945,12.727705955505371,4171
A,San_Juan,T+6,6.136105537414551,3.983377695083618,32.03949332237244,0.22311609983444214,11.787372589111328,12.728785514831543,4171
A,San_Juan,T+12,6.372184753417969,4.163544178009033,34.03436541557312,0.16215139627456665,11.902921676635742,12.729434967041016,4171
A,San_Juan,T+24,6.530684947967529,4.315033435821533,35.73719263076782,0.11861801147460938,11.989657402038574,12.741363525390625,4171
A,Valenzuela,T+1,5.308804988861084,3.392778158187866,27.636414766311646,0.418709397315979,12.273674964904785,12.727705955505371,4171
A,Valenzuela,T+6,6.061374664306641,3.8830957412719727,31.353378295898438,0.24192410707473755,11.878993034362793,12.728785514831543,4171
A,Valenzuela,T+12,6.313138484954834,4.099978923797607,33.65775942802429,0.177606999874115,11.950984001159668,12.729434967041016,4171
A,Valenzuela,T+24,6.5212578773498535,4.303739070892334,35.97530126571655,0.12116062641143799,12.00953197479248,12.741363525390625,4171
B,Caloocan,T+1,4.418723106384277,2.656399726867676,21.532711386680603,0.5972891449928284,12.468441009521484,12.727705955505371,4171
B,Caloocan,T+6,5.9491095542907715,3.883831024169922,32.168787717819214,0.2697452902793884,12.254989624023438,12.728785514831543,4171
B,Caloocan,T+12,6.25469970703125,4.094967365264893,33.817556500434875,0.19276171922683716,11.994485855102539,12.729434967041016,4171
B,Caloocan,T+24,6.781400680541992,4.488905906677246,37.617841362953186,0.04964578151702881,12.017812728881836,12.741363525390625,4171
B,Makati,T+1,4.372186183929443,2.6236884593963623,21.139882504940033,0.605726957321167,12.480537414550781,12.727705955505371,4171
B,Makati,T+6,5.894071102142334,3.8224241733551025,31.397807598114014,0.28319472074508667,12.219005584716797,12.728785514831543,4171
B,Makati,T+12,6.264059066772461,4.073276519775391,33.413609862327576,0.19034415483474731,12.032255172729492,12.729434967041016,4171
B,Makati,T+24,6.821051597595215,4.4704909324646,37.07324266433716,0.03849977254867554,12.039759635925293,12.741363525390625,4171
B,Mandaluyong,T+1,4.374598026275635,2.62852144241333,21.20887190103531,0.6052918434143066,12.497969627380371,12.727705955505371,4171
B,Mandaluyong,T+6,5.894074440002441,3.8242177963256836,31.475380063056946,0.2831938862800598,12.243690490722656,12.728785514831543,4171
B,Mandaluyong,T+12,6.266499042510986,4.07721471786499,33.507782220840454,0.1897132396697998,12.059407234191895,12.729434967041016,4171
B,Mandaluyong,T+24,6.8224406242370605,4.475165843963623,37.17314302921295,0.038108110427856445,12.067530632019043,12.741363525390625,4171
B,Manila,T+1,4.372186183929443,2.6236884593963623,21.139882504940033,0.605726957321167,12.480537414550781,12.727705955505371,4171
B,Manila,T+6,5.894071102142334,3.8224241733551025,31.397807598114014,0.28319472074508667,12.219005584716797,12.728785514831543,4171
B,Manila,T+12,6.264059066772461,4.073276519775391,33.413609862327576,0.19034415483474731,12.032255172729492,12.729434967041016,4171
B,Manila,T+24,6.821051597595215,4.4704909324646,37.07324266433716,0.03849977254867554,12.039759635925293,12.741363525390625,4171
B,Navotas,T+1,4.421767234802246,2.6598405838012695,21.56880795955658,0.5967341065406799,12.4794340133667,12.727705955505371,4171
B,Navotas,T+6,5.9557294845581055,3.8923099040985107,32.27314651012421,0.2681191563606262,12.277022361755371,12.728785514831543,4171
B,Navotas,T+12,6.259716987609863,4.101907730102539,33.92292857170105,0.19146621227264404,12.020882606506348,12.729434967041016,4171
B,Navotas,T+24,6.78427791595459,4.498534202575684,37.75385320186615,0.048839032649993896,12.045060157775879,12.741363525390625,4171
B,Pasay,T+1,4.369626045227051,2.6187593936920166,21.08391523361206,0.6061885356903076,12.475845336914062,12.727705955505371,4171
B,Pasay,T+6,5.890122890472412,3.814795970916748,31.291136145591736,0.2841547131538391,12.210127830505371,12.728785514831543,4171
B,Pasay,T+12,6.260196208953857,4.065400123596191,33.29726755619049,0.19134241342544556,12.017293930053711,12.729434967041016,4171
B,Pasay,T+24,6.813882827758789,4.461549282073975,36.969003081321716,0.040519773960113525,12.027400970458984,12.741363525390625,4171
B,Pasig,T+1,4.389479637145996,2.632166624069214,21.255601942539215,0.6026018261909485,12.428844451904297,12.727705955505371,4171
B,Pasig,T+6,5.920490741729736,3.828248977661133,31.255197525024414,0.2767542004585266,12.097904205322266,12.728785514831543,4171
B,Pasig,T+12,6.267130374908447,4.049561977386475,33.078378438949585,0.18955004215240479,11.902351379394531,12.729434967041016,4171
B,Pasig,T+24,6.814377784729004,4.40691614151001,36.12609505653381,0.040380239486694336,11.824352264404297,12.741363525390625,4171
B,Quezon_City,T+1,4.417421340942383,2.6520509719848633,21.45755887031555,0.5975263118743896,12.512425422668457,12.727705955505371,4171
B,Quezon_City,T+6,5.948038578033447,3.857510805130005,31.77412748336792,0.2700081467628479,12.23316478729248,12.728785514831543,4171
B,Quezon_City,T+12,6.308114051818848,4.104417324066162,33.93387496471405,0.17891544103622437,12.058238983154297,12.729434967041016,4171
B,Quezon_City,T+24,6.789237022399902,4.461531162261963,37.159737944602966,0.047448039054870605,11.995222091674805,12.741363525390625,4171
B,San_Juan,T+1,4.375254154205322,2.629869222640991,21.228264272212982,0.6051734685897827,12.502998352050781,12.727705955505371,4171
B,San_Juan,T+6,5.894214630126953,3.824798822402954,31.498876214027405,0.2831597924232483,12.250788688659668,12.728785514831543,4171
B,San_Juan,T+12,6.2678327560424805,4.078815460205078,33.53772759437561,0.1893683671951294,12.067471504211426,12.729434967041016,4171
B,San_Juan,T+24,6.823340892791748,4.477521896362305,37.21229434013367,0.03785419464111328,12.07668685913086,12.741363525390625,4171
B,Valenzuela,T+1,4.414176940917969,2.655177116394043,21.536721289157867,0.5981173515319824,12.495918273925781,12.727705955505371,4171
B,Valenzuela,T+6,5.94350004196167,3.881598711013794,32.21765160560608,0.2711217403411865,12.306632041931152,12.728785514831543,4171
B,Valenzuela,T+12,6.245948791503906,4.087801456451416,33.834415674209595,0.19501900672912598,12.050627708435059,12.729434967041016,4171
B,Valenzuela,T+24,6.771268844604492,4.492069244384766,37.740519642829895,0.05248337984085083,12.077555656433105,12.741363525390625,4171
C,Caloocan,T+1,4.0384135246276855,2.422506809234619,18.993118405342102,0.6636267900466919,11.950536727905273,12.727705955505371,4171
C,Caloocan,T+6,5.710448741912842,3.6279613971710205,29.725563526153564,0.3271613121032715,12.05417251586914,12.728785514831543,4171
C,Caloocan,T+12,6.024380207061768,3.894334316253662,32.24741816520691,0.2511177659034729,11.993054389953613,12.729434967041016,4171
C,Caloocan,T+24,6.426510810852051,4.244914531707764,35.72182357311249,0.14651238918304443,11.983768463134766,12.741363525390625,4171
C,Makati,T+1,4.041943550109863,2.4146931171417236,18.70173066854477,0.6630384922027588,12.016593933105469,12.727705955505371,4171
C,Makati,T+6,5.73030948638916,3.6430530548095703,29.81124520301819,0.3224729895591736,12.22880744934082,12.728785514831543,4171
C,Makati,T+12,6.024104595184326,3.910796880722046,32.133278250694275,0.2511862516403198,12.1220703125,12.729434967041016,4171
C,Makati,T+24,6.413419246673584,4.199985504150391,35.17627716064453,0.14998620748519897,12.10295581817627,12.741363525390625,4171
C,Mandaluyong,T+1,4.037775039672852,2.4119880199432373,18.685680627822876,0.6637331247329712,12.02933120727539,12.727705955505371,4171
C,Mandaluyong,T+6,5.730830192565918,3.6506521701812744,29.950007796287537,0.32234978675842285,12.264501571655273,12.728785514831543,4171
C,Mandaluyong,T+12,6.031632900238037,3.9242005348205566,32.323506474494934,0.24931347370147705,12.154380798339844,12.729434967041016,4171
C,Mandaluyong,T+24,6.427953243255615,4.217264175415039,35.495007038116455,0.14612925052642822,12.15265941619873,12.741363525390625,4171
C,Manila,T+1,4.041943550109863,2.4146931171417236,18.70173066854477,0.6630384922027588,12.016593933105469,12.727705955505371,4171
C,Manila,T+6,5.73030948638916,3.6430530548095703,29.81124520301819,0.3224729895591736,12.22880744934082,12.728785514831543,4171
C,Manila,T+12,6.024104595184326,3.910796880722046,32.133278250694275,0.2511862516403198,12.1220703125,12.729434967041016,4171
C,Manila,T+24,6.413419246673584,4.199985504150391,35.17627716064453,0.14998620748519897,12.10295581817627,12.741363525390625,4171
C,Navotas,T+1,4.036644458770752,2.4225289821624756,18.993757665157318,0.6639214754104614,11.956268310546875,12.727705955505371,4171
C,Navotas,T+6,5.713760852813721,3.6374130249023438,29.845455288887024,0.3263806104660034,12.073132514953613,12.728785514831543,4171
C,Navotas,T+12,6.030633449554443,3.9038093090057373,32.394564151763916,0.24956220388412476,12.014251708984375,12.729434967041016,4171
C,Navotas,T+24,6.435113430023193,4.260169506072998,35.937753319740295,0.14422595500946045,12.010124206542969,12.741363525390625,4171
C,Pasay,T+1,4.0416107177734375,2.413595199584961,18.70785355567932,0.6630940437316895,12.021378517150879,12.727705955505371,4171
C,Pasay,T+6,5.725679874420166,3.638740301132202,29.769408702850342,0.32356733083724976,12.228531837463379,12.728785514831543,4171
C,Pasay,T+12,6.017055034637451,3.9045727252960205,32.071876525878906,0.25293785333633423,12.117593765258789,12.729434967041016,4171
C,Pasay,T+24,6.4041032791137695,4.190618991851807,35.0744903087616,0.15245378017425537,12.096436500549316,12.741363525390625,4171
C,Pasig,T+1,4.157473564147949,2.461555242538452,18.665340542793274,0.643500566482544,11.761344909667969,12.727705955505371,4171
C,Pasig,T+6,5.728575229644775,3.6081364154815674,28.72660756111145,0.3228829503059387,11.842055320739746,12.728785514831543,4171
C,Pasig,T+12,6.019546985626221,3.893613576889038,31.318020820617676,0.252318799495697,11.773353576660156,12.729434967041016,4171
C,Pasig,T+24,6.312379360198975,4.14011812210083,33.83813500404358,0.17655819654464722,11.714097023010254,12.741363525390625,4171
C,Quezon_City,T+1,4.0774078369140625,2.456801652908325,19.04636323451996,0.6570996046066284,11.993524551391602,12.727705955505371,4171
C,Quezon_City,T+6,5.764973163604736,3.7059242725372314,30.532094836235046,0.3142511248588562,12.27609920501709,12.728785514831543,4171
C,Quezon_City,T+12,6.056982517242432,3.9547905921936035,33.1602543592453,0.24299031496047974,12.25210952758789,12.729434967041016,4171
C,Quezon_City,T+24,6.4802470207214355,4.279250621795654,36.692363023757935,0.13217955827713013,12.26975154876709,12.741363525390625,4171
C,San_Juan,T+1,4.0362229347229,2.4111328125,18.683451414108276,0.6639916896820068,12.034154891967773,12.727705955505371,4171
C,San_Juan,T+6,5.730668067932129,3.6529529094696045,29.996544122695923,0.3223881125450134,12.276812553405762,12.728785514831543,4171
C,San_Juan,T+12,6.033560752868652,3.928330421447754,32.38776922225952,0.24883359670639038,12.166388511657715,12.729434967041016,4171
C,San_Juan,T+24,6.432249546051025,4.222260475158691,35.59666872024536,0.14498746395111084,12.170324325561523,12.741363525390625,4171
C,Valenzuela,T+1,4.031647682189941,2.418874979019165,18.995164334774017,0.6647529602050781,11.981291770935059,12.727705955505371,4171
C,Valenzuela,T+6,5.711827278137207,3.643326759338379,29.989758133888245,0.3268364667892456,12.123357772827148,12.728785514831543,4171
C,Valenzuela,T+12,6.023721218109131,3.9074432849884033,32.545846700668335,0.2512815594673157,12.062885284423828,12.729434967041016,4171
C,Valenzuela,T+24,6.432951927185059,4.266087055206299,36.133772134780884,0.14480060338974,12.068126678466797,12.741363525390625,4171
D,Caloocan,T+1,3.8368098735809326,2.4893124103546143,20.415496826171875,0.6963730454444885,12.417953491210938,12.727705955505371,4171
D,Caloocan,T+6,5.8643646240234375,3.9319472312927246,33.41487944126129,0.2904019355773926,12.515727043151855,12.728785514831543,4171
D,Caloocan,T+12,6.72553014755249,4.611700534820557,40.881216526031494,0.06665581464767456,12.77930736541748,12.729434967041016,4171
D,Caloocan,T+24,6.6452836990356445,4.33249044418335,35.17162799835205,0.08741408586502075,11.359912872314453,12.741363525390625,4171
D,Makati,T+1,3.8368098735809326,2.4893124103546143,20.415496826171875,0.6963730454444885,12.417953491210938,12.727705955505371,4171
D,Makati,T+6,5.8643646240234375,3.9319472312927246,33.41487944126129,0.2904019355773926,12.515727043151855,12.728785514831543,4171
D,Makati,T+12,6.72553014755249,4.611700534820557,40.881216526031494,0.06665581464767456,12.77930736541748,12.729434967041016,4171
D,Makati,T+24,6.6452836990356445,4.33249044418335,35.17162799835205,0.08741408586502075,11.359912872314453,12.741363525390625,4171
D,Mandaluyong,T+1,3.8368098735809326,2.4893124103546143,20.415496826171875,0.6963730454444885,12.417953491210938,12.727705955505371,4171
D,Mandaluyong,T+6,5.8643646240234375,3.9319472312927246,33.41487944126129,0.2904019355773926,12.515727043151855,12.728785514831543,4171
D,Mandaluyong,T+12,6.72553014755249,4.611700534820557,40.881216526031494,0.06665581464767456,12.77930736541748,12.729434967041016,4171
D,Mandaluyong,T+24,6.6452836990356445,4.33249044418335,35.17162799835205,0.08741408586502075,11.359912872314453,12.741363525390625,4171
D,Manila,T+1,3.8368098735809326,2.4893124103546143,20.415496826171875,0.6963730454444885,12.417953491210938,12.727705955505371,4171
D,Manila,T+6,5.8643646240234375,3.9319472312927246,33.41487944126129,0.2904019355773926,12.515727043151855,12.728785514831543,4171
D,Manila,T+12,6.72553014755249,4.611700534820557,40.881216526031494,0.06665581464767456,12.77930736541748,12.729434967041016,4171
D,Manila,T+24,6.6452836990356445,4.33249044418335,35.17162799835205,0.08741408586502075,11.359912872314453,12.741363525390625,4171
D,Navotas,T+1,3.8368098735809326,2.4893124103546143,20.415496826171875,0.6963730454444885,12.417953491210938,12.727705955505371,4171
D,Navotas,T+6,5.8643646240234375,3.9319472312927246,33.41487944126129,0.2904019355773926,12.515727043151855,12.728785514831543,4171
D,Navotas,T+12,6.72553014755249,4.611700534820557,40.881216526031494,0.06665581464767456,12.77930736541748,12.729434967041016,4171
D,Navotas,T+24,6.6452836990356445,4.33249044418335,35.17162799835205,0.08741408586502075,11.359912872314453,12.741363525390625,4171
D,Pasay,T+1,3.8368098735809326,2.4893124103546143,20.415496826171875,0.6963730454444885,12.417953491210938,12.727705955505371,4171
D,Pasay,T+6,5.8643646240234375,3.9319472312927246,33.41487944126129,0.2904019355773926,12.515727043151855,12.728785514831543,4171
D,Pasay,T+12,6.72553014755249,4.611700534820557,40.881216526031494,0.06665581464767456,12.77930736541748,12.729434967041016,4171
D,Pasay,T+24,6.6452836990356445,4.33249044418335,35.17162799835205,0.08741408586502075,11.359912872314453,12.741363525390625,4171
D,Pasig,T+1,3.8368098735809326,2.4893124103546143,20.415496826171875,0.6963730454444885,12.417953491210938,12.727705955505371,4171
D,Pasig,T+6,5.8643646240234375,3.9319472312927246,33.41487944126129,0.2904019355773926,12.515727043151855,12.728785514831543,4171
D,Pasig,T+12,6.72553014755249,4.611700534820557,40.881216526031494,0.06665581464767456,12.77930736541748,12.729434967041016,4171
D,Pasig,T+24,6.6452836990356445,4.33249044418335,35.17162799835205,0.08741408586502075,11.359912872314453,12.741363525390625,4171
D,Quezon_City,T+1,3.8368098735809326,2.4893124103546143,20.415496826171875,0.6963730454444885,12.417953491210938,12.727705955505371,4171
D,Quezon_City,T+6,5.8643646240234375,3.9319472312927246,33.41487944126129,0.2904019355773926,12.515727043151855,12.728785514831543,4171
D,Quezon_City,T+12,6.72553014755249,4.611700534820557,40.881216526031494,0.06665581464767456,12.77930736541748,12.729434967041016,4171
D,Quezon_City,T+24,6.6452836990356445,4.33249044418335,35.17162799835205,0.08741408586502075,11.359912872314453,12.741363525390625,4171
D,San_Juan,T+1,3.8368098735809326,2.4893124103546143,20.415496826171875,0.6963730454444885,12.417953491210938,12.727705955505371,4171
D,San_Juan,T+6,5.8643646240234375,3.9319472312927246,33.41487944126129,0.2904019355773926,12.515727043151855,12.728785514831543,4171
D,San_Juan,T+12,6.72553014755249,4.611700534820557,40.881216526031494,0.06665581464767456,12.77930736541748,12.729434967041016,4171
D,San_Juan,T+24,6.6452836990356445,4.33249044418335,35.17162799835205,0.08741408586502075,11.359912872314453,12.741363525390625,4171
D,Valenzuela,T+1,3.8368098735809326,2.4893124103546143,20.415496826171875,0.6963730454444885,12.417953491210938,12.727705955505371,4171
D,Valenzuela,T+6,5.8643646240234375,3.9319472312927246,33.41487944126129,0.2904019355773926,12.515727043151855,12.728785514831543,4171
D,Valenzuela,T+12,6.72553014755249,4.611700534820557,40.881216526031494,0.06665581464767456,12.77930736541748,12.729434967041016,4171
D,Valenzuela,T+24,6.6452836990356445,4.33249044418335,35.17163097858429,0.08741408586502075,11.359912872314453,12.741363525390625,4171
