city,station,sensor_id,distance_m,hours,pct_of_range,first,last
Manila,Mandaluyong City,12035571,4076,11822,77.5,2025-01-16T00:00:00+00:00,2026-09-28T23:00:00+00:00
Quezon_City,Manila Observatory,13191003,5810,11502,75.4,2025-05-30T06:00:00+00:00,2026-09-28T23:00:00+00:00
Caloocan,Malabon Action Center,13370882,1269,7705,50.5,2025-06-19T13:00:00+00:00,2026-09-28T23:00:00+00:00
Valenzuela,3S Center Paso De Blas,13372954,1711,7743,50.7,2025-06-19T18:00:00+00:00,2026-09-28T22:00:00+00:00
Pasig,Ortigas,10253230,3192,10973,71.9,2025-01-01T00:00:00+00:00,2026-09-28T22:00:00+00:00
Makati,J.P. Rizal Avenue corner Pertierra,13372950,1575,7713,50.5,2025-06-19T18:00:00+00:00,2026-09-28T23:00:00+00:00
Mandaluyong,Mandaluyong Elementary School,13372963,1373,7770,50.9,2025-06-19T18:00:00+00:00,2026-09-28T22:00:00+00:00
Navotas,Malabon Action Center,13370882,3679,7705,50.5,2025-06-19T13:00:00+00:00,2026-09-28T23:00:00+00:00
Pasay,Bradco Ave. cor Macapagal,13153270,1239,9106,59.7,2025-05-26T05:00:00+00:00,2026-09-28T23:00:00+00:00
San_Juan,Mandaluyong Elementary School,13372963,1710,7770,50.9,2025-06-19T18:00:00+00:00,2026-09-28T22:00:00+00:00
